id,first_name,last_name,email,gender,ip_address
1,Jane,Gollard,mgollard0@live.com,Female,123.209.164.122
2,Adelice,Scimone,ascimone1@nsw.gov.au,Female,159.32.95.65
3,Giovanna,Pittman,gpittman2@salon.com,Female,54.127.246.167
4,Lorry,Meany,lmeany3@de.vu,Male,254.32.17.180
5,Elliot,Coverlyn,ecoverlyn4@51.la,Male,100.186.7.22
6,Dorisa,Boud,dboud5@imgur.com,Female,188.72.103.67
7,Natividad,Jerrome,njerrome6@acquirethisname.com,Female,16.174.231.240
8,Charles,Saffill,csaffill7@oracle.com,Male,150.13.212.156
9,Fergus,Matuskiewicz,fmatuskiewicz8@acquirethisname.com,Male,12.69.169.236
10,Keir,Lintill,klintill9@google.nl,Male,81.242.197.255